Wall time,Step,Value
1715542421.710973,8004,-45551.66015625
